title,author,s_id,s_area_id,content,post_time,label,document_type
【飲食】 宜家家居的燉豬腱,fou,WH_F0003,WH_F0003_0055,洛杉磯的IKEA$8.99有點貴，還好咖啡免費。你們那邊看起來比較會煮耶。你那盤我願意付$10～$12,2020/1/1 09:05,男性,train
【金錢】 請問：仰光機場換匯的營業時間最晚到幾點？,avon901351,WH_F0003,WH_F0003_0147,2019年12月21日凌晨1點20分在入境大廳仍有2間銀行有在換匯一出來正面第一間的匯率比大門出口左邊的那間匯率差一點點,2020/1/1 09:07,男性,train
【景點】 貴船 鞍馬 一日卷 雙人套票,deepmo,WH_F0003,WH_F0003_0008,因為旅遊行程改變沒辦法前往，兩張票卷讓給有緣人，可使用到春節2020年4月30日現貨台灣寄 可+賴wys100499,2020/1/1 09:11,男性,train
【證件】 請問移民面談問題,keanur,WH_F0003,WH_F0003_0055,感謝B大的回覆～那我們就只需要表達強列的意願即可配合檢查相關文件資料請問是這樣的意思嗎!?,2020/1/1 09:11,男性,train
貴船 鞍馬 一日卷 雙人套票,deepmo,WH_F0003,WH_F0003_0008,因為旅遊行程改變沒辦法前往，兩張票卷讓給有緣人，可使用到春節2020年4月30日現貨台灣寄 可+賴wys100499,2020/1/1 09:11,男性,train
【行程】 2020根特音樂節（18-27/7/5020）,hkvicky,WH_F0003,WH_F0003_0189,剛剛計劃行程，原本打算自駕於28或29/7到根特，但音樂節過後會市面會否一場災難？還是該將行程提前在音樂節期間去？但我家都一向不喜歡人擠人，還要拖著1個12歲男孩感覺有點煩。還是該...,2020/1/1 09:13,男性,train
【行程】 2020.6月15天美西自駕行程請益：洛杉磯，拉斯維加斯，大峽谷，優勝美地，舊金山,sanpablo,WH_F0003,WH_F0003_0058,"S大, 你是不是還堅強的在找RV啊. 天氣冷價錢好喔. 有了RV就不需要煮茶葉蛋了. 想吃什麼蛋都行. 我們特地找的RV配備冷凍室夠大的冰箱. 能夠放上幾桶冰淇淋. 做冰塊, 冷凍水餃, 冷凍蔥油餅, 自...",2020/1/1 09:15,男性,dev
【遊記】 五顆星! 行程100％滿意度~寮越自助歸來有感,l4783grace,WH_F0003,WH_F0003_0028,「五顆星!」，走過20天寮國中越自由行歸來，我的唯一團員-老公，對領隊我的行程安排，毫不猶豫的給個滿分高評價! 除了每人平均總花費僅3萬多的低廉旅費外，綜歸獲佳評因素如下：一.天氣...,2020/1/1 09:17,男性,dev
【其他】 睡關西機場一問,l4784grace,WH_F0003,WH_F0003_0008,謝謝大家,2020/1/1 09:19,男性,test
【行程】 菲律賓科隆Local Tour傳單大集合,maggie0227,WH_F0003,WH_F0003_0029,剛結束科隆的行程，我的行程全部都是用Klook 買的 但是其實當地有些行程可能更適合自己的需求。例如：Klook 的野生動物園是搭配黑島或北礁島，但是當地的行程有動物園＋沉船浮潛＋珊瑚花...,2020/1/1 09:25,男性,test
【行程】 請問馬尼拉機場(NAIA)第三航廈可以直接搭計程車前往嗎?,ICL,WH_F0003,WH_F0003_0029,"大家好我即將在這個月下旬從馬尼拉飛回台灣,搭乘的是亞航2300的班機,看看電子機票訂單是在第三航廈因為來的時候沒有仔細看機場環境剛剛看到網路上的文章, 提到馬尼拉機場的各航廈間是沒有連通的,讓我很擔心我在回程當天時間頗為緊張,可能會在2130左右才能到機場我會搭計程車去, 但是看GRAB幾乎都只到第一航廈, 不禁想確認計程車是不是可以直接開到第三航廈呢?謝謝大家!",2020/1/1 09:28,男性,ext_test
